<?xml version="1.0" encoding="UTF-8"?>
<project-private xmlns="http://www.netbeans.org/ns/project-private/1">
    <editor-bookmarks xmlns="http://www.netbeans.org/ns/editor-bookmarks/2" lastBookmarkId="0"/>
    <open-files xmlns="http://www.netbeans.org/ns/projectui-open-files/2">
        <group>
            <file>file:/C:/Users/user/Documents/NetBeansProjects/student/src/addstudent.java</file>
            <file>file:/C:/Users/user/Documents/NetBeansProjects/student/src/fees.java</file>
            <file>file:/C:/Users/user/Documents/NetBeansProjects/student/src/databaseconnection.java</file>
            <file>file:/C:/Users/user/Documents/NetBeansProjects/student/src/admin.java</file>
            <file>file:/C:/Users/user/Documents/NetBeansProjects/student/src/showcourse.java</file>
            <file>file:/C:/Users/user/Documents/NetBeansProjects/student/src/adminsop.java</file>
            <file>file:/C:/Users/user/Documents/NetBeansProjects/student/src/about.java</file>
            <file>file:/C:/Users/user/Documents/NetBeansProjects/student/src/showadmin.java</file>
            <file>file:/C:/Users/user/Documents/NetBeansProjects/student/src/studop.java</file>
            <file>file:/C:/Users/user/Documents/NetBeansProjects/student/src/addcourse.java</file>
            <file>file:/C:/Users/user/Documents/NetBeansProjects/student/src/busroutes.java</file>
            <file>file:/C:/Users/user/Documents/NetBeansProjects/student/src/home.java</file>
            <file>file:/C:/Users/user/Documents/NetBeansProjects/student/src/login.java</file>
            <file>file:/C:/Users/user/Documents/NetBeansProjects/student/src/showstudent.java</file>
            <file>file:/C:/Users/user/Documents/NetBeansProjects/student/src/student.java</file>
            <file>file:/C:/Users/user/Documents/NetBeansProjects/student/src/docgiven.java</file>
        </group>
    </open-files>
</project-private>
